{"telegram:8244899900:1144325634": 1784026693.5935917, "telegram:8244899900:8921664288": 1784026692.2366998, "telegram:8244899900:8595708452": 1784035696.8204467, "telegram:8244899900:8142915241": 1784024265.9449887, "telegram:8244899900:1509081182": 1783943955.3728285, "telegram:8244899900:5898110595": 1784025615.4916787, "telegram:8244899900:7340576921": 1784041106.8070881, "telegram:8244899900:8810484255": 1783989115.4589975, "telegram:8244899900:7263119547": 1784026695.5169563, "telegram:8244899900:5433982810": 1783999935.8485935, "telegram:8244899900:8118214990": 1784007162.6478138}