{"telegram:8244899900:1144325634": 1784110538.590694, "telegram:8244899900:8921664288": 1784111444.1284387, "telegram:8244899900:8595708452": 1784112345.4247043, "telegram:8244899900:8142915241": 1784110542.4079514, "telegram:8244899900:1509081182": 1783943955.3728285, "telegram:8244899900:5898110595": 1784025615.4916787, "telegram:8244899900:7340576921": 1784084683.8586278, "telegram:8244899900:8810484255": 1783989115.4589975, "telegram:8244899900:7263119547": 1784110543.1960614, "telegram:8244899900:5433982810": 1784112346.808205, "telegram:8244899900:8118214990": 1784007162.6478138}