{
 "Inside": {
  "n": 15.741,
  "ts": 1783638179.2766745,
  "k": "activate"
 },
 "林小玲": {
  "n": 71.572,
  "ts": 1784215630.3495743,
  "k": "activate"
 },
 "硬汉先生": {
  "n": 42.848,
  "ts": 1784216953.9943573,
  "k": "activate"
 },
 "云帆": {
  "n": 1.987,
  "ts": 1783638183.4917986,
  "k": "activate"
 },
 "醇厚书卷": {
  "n": 1.0,
  "ts": 1783527609.2433245,
  "k": "activate"
 },
 "温白开": {
  "n": 15.674,
  "ts": 1784222627.4331877,
  "k": "activate"
 },
 "京味幽默": {
  "n": 10.492,
  "ts": 1784217094.520676,
  "k": "activate"
 },
 "AI合成主播_Boundless": {
  "n": 20.696,
  "ts": 1783690815.6981888,
  "k": "interp_switch"
 },
 "深海低音": {
  "n": 2.964,
  "ts": 1783685650.1958818,
  "k": "interp_switch"
 },
 "深夜电台": {
  "n": 2.977,
  "ts": 1783690251.648527,
  "k": "interp_switch"
 },
 "铜钟低音": {
  "n": 1.0,
  "ts": 1783598066.3451247,
  "k": "interp_switch"
 },
 "戏感大叔": {
  "n": 2.979,
  "ts": 1783683633.6026192,
  "k": "interp_switch"
 },
 "爽朗掌柜": {
  "n": 2.985,
  "ts": 1783684656.957594,
  "k": "interp_start"
 },
 "沉稳港风": {
  "n": 12.661,
  "ts": 1783840630.555315,
  "k": "activate"
 },
 "欧美绅士": {
  "n": 4.975,
  "ts": 1783690968.266791,
  "k": "activate"
 },
 "晓桐": {
  "n": 1.0,
  "ts": 1783638205.460522,
  "k": "activate"
 },
 "阳光型男": {
  "n": 22.231,
  "ts": 1783892438.718776,
  "k": "activate"
 },
 "录音棚女声": {
  "n": 2.986,
  "ts": 1783690271.4100556,
  "k": "interp_switch"
 },
 "小马": {
  "n": 1.999,
  "ts": 1783653100.3160596,
  "k": "activate"
 },
 "海外总裁": {
  "n": 4.76,
  "ts": 1784036837.7746124,
  "k": "activate"
 },
 "清雅淑女": {
  "n": 1.0,
  "ts": 1783653063.1098282,
  "k": "activate"
 },
 "利落快嘴": {
  "n": 1.0,
  "ts": 1783685663.434092,
  "k": "interp_switch"
 },
 "古天乐2": {
  "n": 7.897,
  "ts": 1784236129.2036793,
  "k": "activate"
 },
 "磁性港风": {
  "n": 6.622,
  "ts": 1784217001.000423,
  "k": "activate"
 },
 "marcus_wei": {
  "n": 1.0,
  "ts": 1784212476.4972274,
  "k": "activate"
 },
 "zhao_laoshi": {
  "n": 1.0,
  "ts": 1784212535.6744618,
  "k": "activate"
 },
 "zhang_jingguang": {
  "n": 1.0,
  "ts": 1784217074.7185118,
  "k": "activate"
 }
}